booking_id,passenger_id,flight_id,booking_date,status,seat_number,status_valid
B1000,P1591,AI192,2025-06-14 11:37:36.951,CANCELLED,3D,True
B1001,P1803,6E026,2025-11-02 11:37:36.951,CANCELLED,18A,True
B1002,P1083,SJ010,2025-08-25 11:37:36.951,CANCELLED,30C,True
B1003,P1364,AI069,2025-12-30 11:37:36.951,CONFIRMED,33A,True
B1004,P1885,UK003,2025-10-02 11:37:36.951,PENDING,25C,True
B1005,P1548,AI048,2025-08-31 11:37:36.951,CONFIRMED,13D,True
B1006,P1341,AI140,2025-06-29 11:37:36.951,CANCELLED,17F,True
B1007,P1838,UK167,2026-03-12 11:37:36.951,CONFIRMED,22E,True
B1008,P1406,AI245,2025-09-07 11:37:36.951,PENDING,34F,True
B1009,P1424,SJ158,2025-04-28 11:37:36.951,CANCELLED,33C,True
B1010,P1743,AI155,2025-11-24 11:37:36.951,CONFIRMED,15B,True
B1011,P1092,AI179,2025-10-25 11:37:36.951,CONFIRMED,22C,True
B1012,P1847,AI137,2025-08-15 11:37:36.951,PENDING,28B,True
B1013,P1613,SJ001,2025-07-20 11:37:36.951,CONFIRMED,26E,True
B1014,P1411,SJ172,2025-09-15 11:37:36.951,PENDING,21E,True
B1016,P1677,UK027,2026-01-13 11:37:36.951,CANCELLED,6A,True
B1017,P1158,UK067,2026-04-04 11:37:36.951,CONFIRMED,13B,True
B1018,P1013,6E196,2026-03-25 11:37:36.951,CANCELLED,19B,True
B1019,P1372,6E164,2025-07-31 11:37:36.951,CANCELLED,19A,True
B1020,P1224,SJ112,2025-12-06 11:37:36.951,CONFIRMED,27B,True
B1021,P1504,6E190,2025-12-07 11:37:36.951,CANCELLED,4E,True
B1022,P1072,AI080,2026-03-25 11:37:36.951,CONFIRMED,16F,True
B1023,P1248,6E213,2026-02-03 11:37:36.951,PENDING,24B,True
B1024,P1510,AI115,2025-06-21 11:37:36.951,PENDING,30F,True
B1025,P1602,SJ049,2026-03-18 11:37:36.951,PENDING,1B,True
B1026,P1215,AI058,2025-06-27 11:37:36.951,CONFIRMED,32C,True
B1027,P1972,UK036,2025-07-25 11:37:36.951,CONFIRMED,22A,True
B1028,P1601,SJ239,2025-05-25 11:37:36.951,CANCELLED,26E,True
B1029,P1540,6E025,2025-06-06 11:37:36.951,CANCELLED,19C,True
B1030,P1946,6E236,2026-03-18 11:37:36.951,CANCELLED,21E,True
B1031,P1816,AI060,2025-11-16 11:37:36.951,CANCELLED,1E,True
B1032,P1938,UK021,2025-09-03 11:37:36.951,CANCELLED,18E,True
B1034,P1219,SJ179,2025-12-31 11:37:36.951,CONFIRMED,22F,True
B1035,P1839,6E251,2025-08-21 11:37:36.951,PENDING,11D,True
B1036,P1726,SJ149,2025-11-24 11:37:36.951,PENDING,5B,True
B1037,P1220,AI188,2026-03-20 11:37:36.951,PENDING,33E,True
B1038,P1388,SJ093,2026-01-01 11:37:36.951,PENDING,12D,True
B1039,P1553,SJ205,2025-08-21 11:37:36.951,CONFIRMED,11E,True
B1040,P1646,6E099,2025-08-08 11:37:36.951,CONFIRMED,26B,True
B1041,P1041,UK176,2025-05-28 11:37:36.951,CONFIRMED,25C,True
B1042,P1675,UK200,2025-12-02 11:37:36.951,CANCELLED,24F,True
B1043,P1872,6E195,2025-11-22 11:37:36.951,CANCELLED,8E,True
B1044,P1282,6E174,2026-04-12 11:37:36.951,PENDING,16C,True
B1046,P1813,UK059,2025-10-14 11:37:36.951,CONFIRMED,2C,True
B1047,P1833,6E151,2025-12-29 11:37:36.951,PENDING,7C,True
B1048,P1536,SJ236,2025-09-19 11:37:36.951,PENDING,18C,True
B1050,P1884,AI220,2026-01-15 11:37:36.951,PENDING,7D,True
B1051,P1922,6E028,2025-07-05 11:37:36.951,CANCELLED,16A,True
B1052,P1128,UK209,2025-12-30 11:37:36.951,CANCELLED,33B,True
B1053,P1598,UK216,2026-04-01 11:37:36.951,PENDING,28B,True
B1054,P1841,AI132,2026-04-11 11:37:36.951,CANCELLED,19C,True
B1055,P1425,6E012,2025-10-14 11:37:36.951,CANCELLED,13F,True
B1056,P1947,UK173,2026-03-24 11:37:36.951,CANCELLED,15B,True
B1057,P1664,SJ047,2025-08-20 11:37:36.951,CANCELLED,14F,True
B1058,P1693,SJ043,2025-12-07 11:37:36.951,PENDING,8C,True
B1059,P1124,UK140,2026-01-03 11:37:36.951,CONFIRMED,23B,True
B1060,P1066,6E086,2025-12-30 11:37:36.951,CONFIRMED,11A,True
B1061,P1005,6E114,2026-04-05 11:37:36.951,CANCELLED,19C,True
B1062,P1636,UK153,2025-06-12 11:37:36.951,CANCELLED,15D,True
B1063,P1313,6E149,2025-05-19 11:37:36.951,CANCELLED,9A,True
B1064,P1325,UK145,2025-09-14 11:37:36.951,CONFIRMED,24E,True
B1065,P1564,UK010,2026-03-06 11:37:36.951,CANCELLED,7B,True
B1066,P1577,SJ003,2025-11-05 11:37:36.951,PENDING,1B,True
B1067,P1825,SJ160,2025-07-23 11:37:36.951,PENDING,7F,True
B1068,P1505,UK224,2025-11-22 11:37:36.951,PENDING,23A,True
B1069,P1081,UK152,2025-08-02 11:37:36.951,CONFIRMED,16E,True
B1070,P1598,SJ034,2025-09-22 11:37:36.951,CANCELLED,15D,True
B1071,P1001,UK215,2025-12-21 11:37:36.951,CANCELLED,15F,True
B1072,P1203,UK089,2025-08-10 11:37:36.951,CANCELLED,18F,True
B1073,P1661,6E180,2025-12-04 11:37:36.951,CONFIRMED,16A,True
B1074,P1804,6E188,2025-09-25 11:37:36.951,CONFIRMED,7A,True
B1075,P1403,UK131,2026-01-03 11:37:36.951,CONFIRMED,2F,True
B1076,P1102,UK055,2025-05-04 11:37:36.951,CONFIRMED,12B,True
B1077,P1535,UK181,2025-05-03 11:37:36.951,PENDING,3A,True
B1078,P1367,6E077,2025-09-21 11:37:36.951,CONFIRMED,1B,True
B1079,P1211,SJ085,2025-06-03 11:37:36.951,CONFIRMED,10D,True
B1080,P1576,SJ023,2025-06-05 11:37:36.951,CONFIRMED,22D,True
B1081,P1960,SJ202,2025-11-13 11:37:36.951,CANCELLED,29C,True
B1082,P1208,SJ150,2025-09-09 11:37:36.951,CANCELLED,30A,True
B1083,P1762,SJ116,2025-05-12 11:37:36.951,CANCELLED,9A,True
B1084,P1896,6E270,2025-06-14 11:37:36.951,PENDING,16E,True
B1085,P1116,UK150,2026-03-24 11:37:36.951,PENDING,12A,True
B1086,P1627,SJ237,2026-02-16 11:37:36.951,CONFIRMED,5D,True
B1087,P1748,AI221,2025-05-08 11:37:36.951,CANCELLED,2F,True
B1088,P1477,SJ081,2026-03-25 11:37:36.951,PENDING,31A,True
B1089,P1104,UK189,2025-09-03 11:37:36.951,CANCELLED,25F,True
B1090,P1494,SJ068,2025-05-16 11:37:36.951,PENDING,31C,True
B1091,P1770,6E043,2025-08-18 11:37:36.951,PENDING,25D,True
B1092,P1045,UK187,2026-03-18 11:37:36.951,CONFIRMED,16D,True
B1093,P1822,UK074,2025-05-11 11:37:36.951,CONFIRMED,25E,True
B1094,P1330,UK004,2026-01-07 11:37:36.951,PENDING,24C,True
B1095,P1215,6E194,2025-07-30 11:37:36.951,CONFIRMED,14B,True
B1096,P1981,UK068,2026-01-03 11:37:36.951,PENDING,12B,True
B1099,P1812,6E254,2025-12-07 11:37:36.951,CONFIRMED,26E,True
B1100,P1921,UK077,2026-03-05 11:37:36.951,CONFIRMED,16D,True
B1101,P1844,AI029,2025-07-19 11:37:36.951,CONFIRMED,3D,True
B1103,P1535,AI242,2025-08-08 11:37:36.951,CANCELLED,20D,True
B1104,P1510,AI242,2025-09-12 11:37:36.951,CANCELLED,16E,True
B1105,P1457,SJ044,2025-09-11 11:37:36.951,CONFIRMED,19F,True
B1106,P1546,UK063,2025-09-01 11:37:36.951,CONFIRMED,21F,True
B1107,P1535,AI056,2025-05-19 11:37:36.951,CONFIRMED,30F,True
B1108,P1539,UK207,2025-10-11 11:37:36.951,CANCELLED,14B,True
B1109,P1483,UK166,2025-12-03 11:37:36.951,CANCELLED,33D,True
B1110,P1975,6E261,2025-12-17 11:37:36.951,PENDING,12B,True
B1111,P1999,UK134,2025-12-25 11:37:36.951,CANCELLED,34A,True
B1112,P1015,6E152,2025-10-02 11:37:36.951,PENDING,27A,True
B1113,P1570,SJ089,2025-11-23 11:37:36.951,CONFIRMED,5A,True
B1114,P1976,6E123,2025-09-26 11:37:36.951,CANCELLED,2E,True
B1115,P1242,AI025,2025-08-23 11:37:36.951,CONFIRMED,10A,True
B1116,P1949,6E030,2025-12-05 11:37:36.951,CONFIRMED,19B,True
B1117,P1206,SJ222,2025-09-02 11:37:36.951,CONFIRMED,28F,True
B1118,P1911,UK109,2026-04-03 11:37:36.951,CONFIRMED,34B,True
B1119,P1270,SJ117,2025-11-25 11:37:36.951,CANCELLED,21F,True
B1120,P1760,SJ142,2025-08-12 11:37:36.951,CONFIRMED,12D,True
B1121,P1993,SJ142,2025-06-01 11:37:36.951,PENDING,17C,True
B1122,P1778,AI030,2025-05-02 11:37:36.951,CANCELLED,20B,True
B1123,P1704,6E097,2025-09-23 11:37:36.951,CONFIRMED,8A,True
B1124,P1846,6E129,2025-05-23 11:37:36.951,CANCELLED,5C,True
B1125,P1729,6E181,2026-01-15 11:37:36.951,PENDING,27E,True
B1126,P1114,AI072,2025-10-20 11:37:36.951,CONFIRMED,10E,True
B1127,P1579,SJ154,2025-06-29 11:37:36.951,PENDING,2E,True
B1128,P1298,AI031,2026-04-08 11:37:36.951,CONFIRMED,10D,True
B1129,P1836,AI031,2025-09-18 11:37:36.951,PENDING,26F,True
B1130,P1482,6E158,2025-12-26 11:37:36.951,CONFIRMED,34E,True
B1131,P1396,6E184,2025-06-16 11:37:36.951,CANCELLED,1C,True
B1132,P1393,UK141,2025-06-20 11:37:36.951,CONFIRMED,10D,True
B1133,P1074,6E168,2025-12-29 11:37:36.951,CANCELLED,23D,True
B1134,P1977,6E051,2025-07-28 11:37:36.951,CONFIRMED,34C,True
B1135,P1481,6E047,2025-12-02 11:37:36.951,CONFIRMED,20E,True
B1136,P1102,UK156,2025-10-26 11:37:36.951,PENDING,28E,True
B1137,P1296,AI094,2025-09-01 11:37:36.951,PENDING,13E,True
B1138,P1177,AI038,2025-07-14 11:37:36.951,PENDING,6C,True
B1139,P1214,6E255,2026-01-19 11:37:36.951,CONFIRMED,29F,True
B1140,P1966,SJ025,2026-01-23 11:37:36.951,CONFIRMED,29D,True
B1141,P1314,SJ185,2025-10-28 11:37:36.951,CONFIRMED,9C,True
B1142,P1038,6E259,2026-01-21 11:37:36.951,CANCELLED,5C,True
B1143,P1258,6E073,2026-04-07 11:37:36.951,CANCELLED,15A,True
B1144,P1715,AI091,2025-09-26 11:37:36.951,CONFIRMED,6D,True
B1145,P1006,6E191,2025-08-23 11:37:36.951,PENDING,15D,True
B1146,P1048,UK228,2025-08-30 11:37:36.951,PENDING,25A,True
B1147,P1537,6E146,2026-03-25 11:37:36.951,PENDING,11E,True
B1148,P1160,6E068,2025-10-13 11:37:36.951,CONFIRMED,19A,True
B1149,P1868,SJ218,2026-01-08 11:37:36.951,PENDING,30F,True
B1150,P1175,UK083,2025-09-25 11:37:36.951,CONFIRMED,12A,True
B1151,P1590,SJ007,2026-01-18 11:37:36.951,CANCELLED,29B,True
B1152,P1001,AI077,2025-08-14 11:37:36.951,PENDING,27A,True
B1153,P1894,UK017,2025-12-20 11:37:36.951,CANCELLED,8D,True
B1154,P1454,6E229,2026-02-17 11:37:36.951,PENDING,24A,True
B1155,P1927,6E074,2025-10-08 11:37:36.951,CONFIRMED,6D,True
B1156,P1643,SJ088,2026-03-25 11:37:36.951,CONFIRMED,5E,True
B1157,P1275,SJ167,2025-06-28 11:37:36.951,CONFIRMED,18B,True
B1158,P1497,6E234,2025-07-20 11:37:36.951,CONFIRMED,22A,True
B1159,P1628,UK071,2025-12-10 11:37:36.951,PENDING,22F,True
B1160,P1675,AI178,2025-11-21 11:37:36.951,CANCELLED,29A,True
B1161,P1799,UK104,2025-11-14 11:37:36.951,CONFIRMED,12A,True
B1163,P1332,SJ235,2025-11-10 11:37:36.951,CANCELLED,13D,True
B1164,P1000,6E209,2025-04-24 11:37:36.951,CONFIRMED,24A,True
B1165,P1187,AI129,2025-08-20 11:37:36.951,CANCELLED,2F,True
B1166,P1055,SJ141,2026-01-23 11:37:36.951,CONFIRMED,34D,True
B1167,P1546,SJ018,2026-02-02 11:37:36.951,CANCELLED,9F,True
B1168,P1111,UK120,2025-10-14 11:37:36.951,CANCELLED,11C,True
B1169,P1797,AI078,2025-11-15 11:37:36.951,CONFIRMED,11E,True
B1170,P1309,AI079,2025-09-14 11:37:36.951,PENDING,15E,True
B1171,P1035,UK087,2025-09-19 11:37:36.951,CANCELLED,21A,True
B1172,P1438,UK133,2026-01-17 11:37:36.951,CONFIRMED,8F,True
B1173,P1728,AI222,2025-06-01 11:37:36.951,CANCELLED,22E,True
B1174,P1591,6E049,2026-04-12 11:37:36.951,CANCELLED,19D,True
B1175,P1825,6E105,2026-01-29 11:37:36.951,PENDING,27D,True
B1176,P1594,SJ226,2025-04-17 11:37:36.951,CANCELLED,7C,True
B1177,P1576,SJ227,2025-07-29 11:37:36.951,CANCELLED,34D,True
B1178,P1324,6E034,2026-02-05 11:37:36.951,CONFIRMED,34E,True
B1179,P1639,SJ078,2025-10-03 11:37:36.951,CONFIRMED,33D,True
B1180,P1306,AI240,2026-04-10 11:37:36.951,PENDING,22F,True
B1181,P1533,SJ002,2026-03-29 11:37:36.951,CANCELLED,12E,True
B1182,P1727,AI044,2025-08-11 11:37:36.951,CANCELLED,3A,True
B1183,P1618,UK076,2025-06-22 11:37:36.951,CANCELLED,8C,True
B1184,P1108,6E232,2025-08-01 11:37:36.951,PENDING,28E,True
B1185,P1371,SJ228,2025-08-16 11:37:36.951,CANCELLED,25E,True
B1186,P1356,SJ074,2026-04-04 11:37:36.951,CONFIRMED,1B,True
B1187,P1180,UK229,2025-08-04 11:37:36.951,PENDING,7F,True
B1188,P1355,AI208,2026-04-04 11:37:36.951,CONFIRMED,6A,True
B1189,P1675,AI019,2025-11-23 11:37:36.951,CONFIRMED,14F,True
B1190,P1067,6E029,2025-05-23 11:37:36.951,PENDING,12B,True
B1191,P1291,6E018,2025-04-27 11:37:36.951,CONFIRMED,25B,True
B1192,P1691,AI059,2025-06-23 11:37:36.951,CANCELLED,7D,True
B1193,P1180,AI159,2025-05-22 11:37:36.951,PENDING,13D,True
B1194,P1465,6E091,2025-07-11 11:37:36.951,CONFIRMED,14F,True
B1195,P1433,6E084,2025-07-20 11:37:36.951,CANCELLED,10B,True
B1196,P1463,UK170,2026-01-15 11:37:36.951,CANCELLED,20C,True
B1197,P1680,UK212,2025-05-19 11:37:36.951,CONFIRMED,2E,True
B1199,P1533,SJ075,2025-12-13 11:37:36.951,PENDING,30E,True
B1200,P1065,UK177,2025-09-17 11:37:36.951,CONFIRMED,16B,True
B1201,P1020,UK206,2026-02-01 11:37:36.951,CANCELLED,3A,True
B1202,P1611,UK079,2025-04-29 11:37:36.951,CANCELLED,29C,True
B1203,P1383,UK040,2025-06-21 11:37:36.951,CONFIRMED,3B,True
B1204,P1811,AI034,2025-07-25 11:37:36.951,CONFIRMED,30A,True
B1205,P1614,UK034,2025-10-18 11:37:36.951,CONFIRMED,23F,True
B1206,P1558,AI088,2025-07-02 11:37:36.951,CONFIRMED,13A,True
B1207,P1038,AI128,2025-06-11 11:37:36.951,PENDING,26A,True
B1209,P1821,AI233,2025-12-15 11:37:36.951,PENDING,3A,True
B1210,P1601,AI012,2026-01-20 11:37:36.951,PENDING,3C,True
B1211,P1596,AI084,2025-07-07 11:37:36.951,CONFIRMED,34A,True
B1212,P1784,6E126,2025-07-08 11:37:36.951,PENDING,34B,True
B1213,P1335,SJ061,2025-06-16 11:37:36.951,CONFIRMED,2E,True
B1215,P1670,AI135,2025-08-08 11:37:36.951,CANCELLED,28C,True
B1216,P1242,6E238,2025-12-09 11:37:36.951,CONFIRMED,10A,True
B1217,P1072,6E092,2026-03-19 11:37:36.951,CANCELLED,32C,True
B1218,P1478,AI213,2025-11-13 11:37:36.951,PENDING,2D,True
B1219,P1973,UK193,2026-02-15 11:37:36.951,CANCELLED,1B,True
B1220,P1560,6E178,2026-04-04 11:37:36.951,PENDING,29C,True
B1221,P1100,AI158,2026-03-06 11:37:36.951,CONFIRMED,19D,True
B1222,P1513,UK208,2026-03-30 11:37:36.951,PENDING,8A,True
B1224,P1175,UK185,2025-10-26 11:37:36.951,CONFIRMED,1E,True
B1225,P1237,AI163,2026-01-13 11:37:36.951,PENDING,4D,True
B1226,P1909,AI112,2025-08-23 11:37:36.951,CONFIRMED,15C,True
B1227,P1058,AI227,2025-10-23 11:37:36.951,CANCELLED,12A,True
B1228,P1864,SJ083,2026-04-17 11:37:36.951,CONFIRMED,29D,True
B1229,P1098,UK073,2026-02-07 11:37:36.951,CONFIRMED,13F,True
B1230,P1953,6E169,2025-04-29 11:37:36.951,PENDING,6C,True
B1231,P1870,UK154,2026-04-06 11:37:36.951,CANCELLED,27D,True
B1232,P1953,SJ169,2025-10-06 11:37:36.951,CONFIRMED,32F,True
B1233,P1494,6E187,2025-05-13 11:37:36.951,CANCELLED,5F,True
B1234,P1946,UK210,2025-11-21 11:37:36.951,CANCELLED,33A,True
B1235,P1979,6E250,2025-12-23 11:37:36.951,PENDING,13D,True
B1236,P1513,AI062,2025-07-05 11:37:36.951,CONFIRMED,25A,True
B1239,P1210,AI217,2025-11-17 11:37:36.951,CANCELLED,30A,True
B1240,P1122,UK100,2025-12-31 11:37:36.951,CONFIRMED,17A,True
B1241,P1228,UK116,2025-12-16 11:37:36.951,CONFIRMED,10A,True
B1242,P1593,6E036,2025-12-01 11:37:36.951,CANCELLED,26C,True
B1243,P1655,AI175,2026-01-22 11:37:36.951,CANCELLED,29E,True
B1244,P1387,UK051,2025-08-18 11:37:36.951,CONFIRMED,27D,True
B1246,P1540,6E230,2026-04-09 11:37:36.951,CONFIRMED,33B,True
B1247,P1390,SJ138,2025-08-13 11:37:36.951,CANCELLED,15F,True
B1248,P1269,AI246,2026-03-04 11:37:36.951,PENDING,16B,True
B1249,P1758,6E179,2025-06-06 11:37:36.951,CANCELLED,26B,True
B1250,P1011,6E031,2026-01-28 11:37:36.951,CANCELLED,16F,True
B1251,P1866,UK015,2025-08-30 11:37:36.951,PENDING,29A,True
B1252,P1388,UK001,2025-04-21 11:37:36.951,CANCELLED,27C,True
B1253,P1336,6E133,2026-02-27 11:37:36.951,CANCELLED,15E,True
B1254,P1505,6E143,2025-07-22 11:37:36.951,CANCELLED,5D,True
B1255,P1105,UK165,2025-09-22 11:37:36.951,CANCELLED,23F,True
B1256,P1031,6E083,2025-08-10 11:37:36.951,CANCELLED,22B,True
B1257,P1073,AI082,2025-08-19 11:37:36.951,CANCELLED,11C,True
B1258,P1170,AI164,2025-10-28 11:37:36.951,CANCELLED,21F,True
B1259,P1848,SJ155,2026-01-19 11:37:36.951,CANCELLED,31F,True
B1260,P1068,AI189,2026-01-04 11:37:36.951,CANCELLED,1D,True
B1261,P1812,SJ057,2025-12-21 11:37:36.951,CONFIRMED,34A,True
B1262,P1361,SJ198,2025-05-07 11:37:36.951,CONFIRMED,16F,True
B1263,P1648,6E122,2026-01-03 11:37:36.951,CANCELLED,6C,True
B1264,P1432,SJ097,2026-04-15 11:37:36.951,CONFIRMED,12A,True
B1265,P1928,UK203,2025-08-06 11:37:36.951,PENDING,28F,True
B1266,P1995,UK093,2026-01-16 11:37:36.951,CONFIRMED,27F,True
B1267,P1099,AI205,2025-05-21 11:37:36.951,CANCELLED,32A,True
B1269,P1008,6E046,2025-09-06 11:37:36.951,CONFIRMED,4C,True
B1271,P1696,6E156,2025-10-20 11:37:36.951,PENDING,28B,True
B1272,P1028,AI068,2025-07-18 11:37:36.951,PENDING,19A,True
B1274,P1113,UK008,2025-10-15 11:37:36.951,PENDING,20D,True
B1275,P1461,6E166,2025-07-11 11:37:36.951,PENDING,18F,True
B1276,P1920,6E177,2025-07-15 11:37:36.951,CONFIRMED,1A,True
B1277,P1142,AI196,2026-01-19 11:37:36.951,PENDING,12E,True
B1278,P1389,SJ191,2025-08-09 11:37:36.951,CONFIRMED,5B,True
B1280,P1681,AI226,2026-04-12 11:37:36.951,CONFIRMED,33B,True
B1281,P1156,SJ207,2026-01-21 11:37:36.951,CANCELLED,4A,True
B1282,P1334,AI009,2025-12-30 11:37:36.951,CANCELLED,8B,True
B1284,P1259,SJ127,2026-02-22 11:37:36.951,CANCELLED,25F,True
B1285,P1081,UK188,2026-03-26 11:37:36.951,CANCELLED,25B,True
B1287,P1440,SJ098,2025-12-13 11:37:36.951,CANCELLED,5F,True
B1288,P1944,6E058,2025-12-11 11:37:36.951,PENDING,18C,True
B1289,P1171,SJ030,2026-03-23 11:37:36.951,PENDING,24F,True
B1290,P1230,UK175,2025-07-26 11:37:36.951,CANCELLED,16F,True
B1291,P1719,SJ108,2026-04-01 11:37:36.951,PENDING,28E,True
B1292,P1074,6E075,2025-08-03 11:37:36.951,CONFIRMED,7C,True
B1293,P1269,UK222,2025-08-31 11:37:36.951,CONFIRMED,25F,True
B1294,P1898,6E250,2025-07-13 11:37:36.951,CANCELLED,34B,True
B1295,P1625,AI096,2025-12-29 11:37:36.951,CANCELLED,14B,True
B1296,P1061,AI216,2025-12-23 11:37:36.951,CANCELLED,1B,True
B1297,P1873,6E193,2026-01-23 11:37:36.951,PENDING,8A,True
B1298,P1319,SJ194,2026-01-02 11:37:36.951,PENDING,6C,True
B1299,P1101,SJ020,2025-09-11 11:37:36.951,CONFIRMED,16F,True
B1300,P1428,6E070,2025-06-14 11:37:36.951,PENDING,21C,True
B1301,P1873,AI051,2025-09-03 11:37:36.951,CONFIRMED,12A,True
B1302,P1721,UK219,2025-12-27 11:37:36.951,PENDING,3D,True
B1303,P1953,AI235,2025-12-13 11:37:36.951,CONFIRMED,20A,True
B1305,P1531,SJ114,2025-09-28 11:37:36.951,PENDING,13C,True
B1306,P1569,SJ076,2025-12-01 11:37:36.951,CONFIRMED,30A,True
B1307,P1111,UK227,2026-01-26 11:37:36.951,PENDING,32E,True
B1308,P1984,UK135,2025-07-22 11:37:36.951,CANCELLED,30D,True
B1309,P1312,AI234,2025-05-06 11:37:36.951,CONFIRMED,30F,True
B1310,P1997,6E113,2025-08-20 11:37:36.951,PENDING,5D,True
B1311,P1460,SJ206,2025-11-16 11:37:36.951,PENDING,9D,True
B1313,P1886,6E260,2025-05-16 11:37:36.951,CANCELLED,33E,True
B1314,P1461,AI061,2025-04-28 11:37:36.951,CONFIRMED,19C,True
B1315,P1864,6E237,2026-03-26 11:37:36.951,PENDING,9C,True
B1316,P1091,SJ099,2026-01-06 11:37:36.951,PENDING,27C,True
B1317,P1051,SJ146,2026-02-24 11:37:36.951,CANCELLED,21F,True
B1318,P1804,SJ146,2025-05-23 11:37:36.951,CANCELLED,29B,True
B1319,P1519,6E071,2025-05-04 11:37:36.951,CONFIRMED,4C,True
B1320,P1811,6E272,2025-08-13 11:37:36.951,PENDING,6C,True
B1321,P1097,SJ029,2026-02-12 11:37:36.951,PENDING,13A,True
B1322,P1235,UK084,2025-07-27 11:37:36.951,CONFIRMED,6E,True
B1323,P1900,SJ048,2026-02-06 11:37:36.951,CONFIRMED,14D,True
B1324,P1373,AI108,2026-02-04 11:37:36.951,CANCELLED,33B,True
B1325,P1580,SJ134,2025-08-11 11:37:36.951,CANCELLED,3B,True
B1326,P1926,UK146,2025-10-31 11:37:36.951,CONFIRMED,14F,True
B1327,P1556,SJ036,2025-09-24 11:37:36.951,CONFIRMED,26C,True
B1328,P1648,6E202,2025-11-01 11:37:36.951,PENDING,33B,True
B1329,P1233,UK041,2026-02-13 11:37:36.951,CONFIRMED,22C,True
B1330,P1031,6E078,2025-12-06 11:37:36.951,CONFIRMED,23A,True
B1331,P1288,AI097,2025-07-03 11:37:36.951,PENDING,22C,True
B1332,P1637,UK159,2026-01-15 11:37:36.951,CONFIRMED,7D,True
B1333,P1578,UK044,2025-09-06 11:37:36.951,CANCELLED,12B,True
B1334,P1541,6E176,2025-09-27 11:37:36.951,CANCELLED,6F,True
B1335,P1113,SJ221,2026-02-11 11:37:36.951,PENDING,4A,True
B1336,P1203,6E112,2025-07-03 11:37:36.951,CONFIRMED,22A,True
B1338,P1642,6E014,2026-02-21 11:37:36.951,CANCELLED,14C,True
B1339,P1473,AI237,2025-09-17 11:37:36.951,CANCELLED,28A,True
B1340,P1696,6E003,2025-12-14 11:37:36.951,CANCELLED,12E,True
B1341,P1252,6E249,2025-07-04 11:37:36.951,CONFIRMED,5A,True
B1342,P1797,UK149,2025-04-29 11:37:36.951,CONFIRMED,4A,True
B1343,P1904,SJ163,2026-03-08 11:37:36.951,CONFIRMED,9F,True
B1344,P1921,SJ243,2026-03-28 11:37:36.951,CONFIRMED,1D,True
B1345,P1385,UK113,2025-06-06 11:37:36.951,CANCELLED,1A,True
B1346,P1061,AI071,2025-06-07 11:37:36.951,PENDING,30E,True
B1347,P1514,6E271,2026-02-07 11:37:36.951,PENDING,22A,True
B1348,P1429,SJ015,2025-06-05 11:37:36.951,CANCELLED,27E,True
B1349,P1579,UK047,2025-11-19 11:37:36.951,CANCELLED,9E,True
B1350,P1536,UK020,2026-02-04 11:37:36.951,PENDING,12A,True
B1351,P1690,AI122,2025-09-03 11:37:36.951,PENDING,27F,True
B1352,P1140,UK223,2025-10-20 11:37:36.951,CANCELLED,17D,True
B1353,P1742,6E148,2025-09-19 11:37:36.951,CANCELLED,15F,True
B1354,P1299,SJ162,2025-12-14 11:37:36.951,CONFIRMED,34A,True
B1355,P1674,6E127,2026-03-30 11:37:36.951,CONFIRMED,28B,True
B1356,P1310,AI173,2025-11-10 11:37:36.951,PENDING,11F,True
B1358,P1392,AI053,2025-06-22 11:37:36.951,PENDING,20A,True
B1359,P1641,AI241,2025-10-22 11:37:36.951,CONFIRMED,14E,True
B1361,P1757,AI110,2025-08-24 11:37:36.951,PENDING,13F,True
B1362,P1808,AI252,2025-10-22 11:37:36.951,CONFIRMED,15B,True
B1363,P1171,AI149,2025-12-14 11:37:36.951,CANCELLED,3B,True
B1364,P1575,AI224,2025-09-09 11:37:36.951,PENDING,23F,True
B1365,P1030,UK158,2025-07-03 11:37:36.951,CANCELLED,15B,True
B1366,P1046,6E125,2025-05-05 11:37:36.951,CANCELLED,25E,True
B1367,P1129,UK164,2025-12-14 11:37:36.951,CONFIRMED,18A,True
B1368,P1351,UK007,2025-12-26 11:37:36.951,CANCELLED,1E,True
B1369,P1977,6E118,2026-03-18 11:37:36.951,PENDING,15F,True
B1370,P1844,SJ004,2026-01-01 11:37:36.951,CANCELLED,19C,True
B1371,P1621,6E206,2025-09-25 11:37:36.951,CANCELLED,15E,True
B1372,P1580,SJ130,2025-05-11 11:37:36.951,CANCELLED,11D,True
B1373,P1057,SJ070,2026-02-14 11:37:36.951,CANCELLED,22F,True
B1374,P1105,AI085,2025-04-24 11:37:36.951,CANCELLED,7F,True
B1375,P1811,SJ109,2025-09-02 11:37:36.951,CONFIRMED,15B,True
B1376,P1329,AI168,2025-08-24 11:37:36.951,PENDING,16B,True
B1377,P1767,UK123,2025-10-24 11:37:36.951,CONFIRMED,26A,True
B1378,P1823,UK110,2026-01-16 11:37:36.951,PENDING,30D,True
B1379,P1682,AI206,2025-11-02 11:37:36.951,PENDING,31C,True
B1380,P1382,6E007,2026-04-16 11:37:36.951,PENDING,6B,True
B1381,P1984,SJ013,2025-11-11 11:37:36.951,PENDING,33A,True
B1382,P1161,UK061,2025-09-19 11:37:36.951,PENDING,20D,True
B1383,P1996,AI010,2025-09-24 11:37:36.951,CANCELLED,8C,True
B1384,P1285,AI024,2025-05-16 11:37:36.951,CONFIRMED,11D,True
B1385,P1070,UK130,2025-06-08 11:37:36.951,CONFIRMED,30B,True
B1386,P1766,AI161,2026-03-12 11:37:36.951,CANCELLED,10A,True
B1387,P1453,SJ208,2025-07-23 11:37:36.951,PENDING,24F,True
B1390,P1834,SJ028,2026-03-09 11:37:36.951,CANCELLED,8C,True
B1391,P1396,SJ084,2025-11-26 11:37:36.951,CONFIRMED,21F,True
B1392,P1514,AI139,2026-03-27 11:37:36.951,CONFIRMED,21D,True
B1393,P1025,UK179,2026-04-06 11:37:36.951,PENDING,26E,True
B1394,P1312,6E256,2025-07-23 11:37:36.951,PENDING,23F,True
B1397,P1564,UK190,2026-02-05 11:37:36.951,CANCELLED,28D,True
B1398,P1197,6E224,2026-02-04 11:37:36.951,PENDING,3E,True
B1399,P1810,UK221,2025-05-31 11:37:36.951,PENDING,7A,True
B1400,P1187,SJ107,2026-04-02 11:37:36.951,CANCELLED,12F,True
B1402,P1816,UK183,2026-03-21 11:37:36.951,CANCELLED,7E,True
B1403,P1809,SJ203,2025-05-08 11:37:36.951,PENDING,26A,True
B1405,P1483,AI100,2025-08-26 11:37:36.951,PENDING,32F,True
B1406,P1449,6E140,2025-06-24 11:37:36.951,CONFIRMED,15D,True
B1407,P1522,UK048,2025-08-26 11:37:36.951,CONFIRMED,25A,True
B1408,P1870,SJ204,2025-07-29 11:37:36.951,CONFIRMED,12F,True
B1409,P1353,UK105,2026-03-24 11:37:36.951,CONFIRMED,28C,True
B1410,P1985,AI098,2026-04-13 11:37:36.951,CONFIRMED,32C,True
B1411,P1657,6E013,2025-10-12 11:37:36.951,CANCELLED,1A,True
B1412,P1596,6E128,2025-11-18 11:37:36.951,CANCELLED,28E,True
B1414,P1615,SJ182,2026-01-07 11:37:36.951,CONFIRMED,25F,True
B1415,P1947,6E199,2026-03-22 11:37:36.951,PENDING,23B,True
B1416,P1557,SJ187,2025-08-17 11:37:36.951,CANCELLED,20B,True
B1417,P1555,AI182,2025-08-18 11:37:36.951,PENDING,8E,True
B1418,P1277,SJ027,2025-05-04 11:37:36.951,PENDING,19D,True
B1419,P1692,SJ062,2026-01-20 11:37:36.951,CONFIRMED,20E,True
B1420,P1698,SJ161,2026-02-24 11:37:36.951,CONFIRMED,27B,True
B1422,P1625,AI181,2026-01-04 11:37:36.951,CANCELLED,12D,True
B1423,P1490,AI003,2025-06-12 11:37:36.951,CONFIRMED,14A,True
B1424,P1254,6E150,2025-11-05 11:37:36.951,CANCELLED,11D,True
B1425,P1380,SJ175,2025-06-28 11:37:36.951,CANCELLED,34E,True
B1426,P1891,6E041,2025-12-15 11:37:36.951,CANCELLED,17C,True
B1427,P1541,SJ040,2026-04-15 11:37:36.951,CANCELLED,16E,True
B1428,P1263,6E020,2025-06-17 11:37:36.951,CONFIRMED,27C,True
B1429,P1609,AI248,2025-05-08 11:37:36.951,CANCELLED,27B,True
B1430,P1824,SJ016,2026-02-08 11:37:36.951,CONFIRMED,11A,True
B1431,P1878,UK204,2025-11-21 11:37:36.951,CONFIRMED,31C,True
B1432,P1328,6E211,2025-09-02 11:37:36.951,CANCELLED,9B,True
B1433,P1114,SJ166,2025-05-07 11:37:36.951,CONFIRMED,5B,True
B1434,P1275,AI036,2025-10-19 11:37:36.951,PENDING,30C,True
B1435,P1487,SJ215,2025-09-18 11:37:36.951,CONFIRMED,1E,True
B1436,P1280,AI076,2026-01-05 11:37:36.951,CONFIRMED,20B,True
B1437,P1274,SJ012,2025-11-28 11:37:36.951,CANCELLED,24A,True
B1439,P1842,SJ173,2025-11-09 11:37:36.951,CONFIRMED,27E,True
B1440,P1718,AI193,2026-03-09 11:37:36.951,CANCELLED,25E,True
B1442,P1327,AI225,2025-06-02 11:37:36.951,PENDING,11E,True
B1443,P1210,AI190,2025-10-09 11:37:36.951,CANCELLED,9E,True
B1444,P1726,SJ238,2025-12-25 11:37:36.951,CONFIRMED,7B,True
B1445,P1922,6E005,2025-12-21 11:37:36.951,PENDING,5F,True
B1446,P1551,UK136,2025-09-25 11:37:36.951,PENDING,23C,True
B1447,P1991,SJ063,2025-05-21 11:37:36.951,CONFIRMED,15F,True
B1448,P1025,6E175,2025-11-21 11:37:36.951,CANCELLED,9E,True
B1449,P1026,AI037,2025-05-23 11:37:36.951,PENDING,19A,True
B1450,P1701,UK225,2025-11-11 11:37:36.951,CONFIRMED,21C,True
B1451,P1082,AI141,2025-05-20 11:37:36.951,CONFIRMED,15E,True
B1452,P1895,6E172,2026-01-26 11:37:36.951,PENDING,3E,True
B1453,P1945,6E219,2026-02-07 11:37:36.951,CANCELLED,16F,True
B1454,P1681,AI045,2025-08-16 11:37:36.951,PENDING,8E,True
B1455,P1412,AI198,2026-04-12 11:37:36.951,CONFIRMED,30A,True
B1456,P1166,AI120,2025-04-24 11:37:36.951,PENDING,17F,True
B1457,P1699,6E134,2025-06-11 11:37:36.951,CANCELLED,32D,True
B1458,P1168,UK102,2025-11-19 11:37:36.951,CONFIRMED,10B,True
B1459,P1800,SJ199,2025-06-10 11:37:36.951,CANCELLED,1F,True
B1460,P1978,6E235,2025-10-01 11:37:36.951,PENDING,32E,True
B1461,P1228,UK065,2025-10-14 11:37:36.951,PENDING,33F,True
B1462,P1978,6E135,2025-12-03 11:37:36.951,CANCELLED,26D,True
B1463,P1608,SJ148,2026-02-10 11:37:36.951,PENDING,31C,True
B1464,P1366,AI083,2026-03-07 11:37:36.951,CANCELLED,6B,True
B1465,P1527,UK024,2025-07-02 11:37:36.951,PENDING,5C,True
B1466,P1790,UK220,2025-04-27 11:37:36.951,CANCELLED,28B,True
B1467,P1646,UK115,2025-04-30 11:37:36.951,CANCELLED,25A,True
B1468,P1537,AI255,2025-07-16 11:37:36.951,CONFIRMED,14F,True
B1469,P1863,6E001,2025-12-25 11:37:36.951,CONFIRMED,11A,True
B1470,P1523,6E132,2025-05-27 11:37:36.951,CANCELLED,24E,True
B1471,P1071,UK184,2026-03-28 11:37:36.951,PENDING,8E,True
B1472,P1644,6E098,2025-06-06 11:37:36.951,PENDING,3D,True
B1473,P1105,SJ168,2025-07-19 11:37:36.951,PENDING,21F,True
B1474,P1731,SJ178,2025-07-28 11:37:36.951,CANCELLED,14C,True
B1475,P1884,UK111,2026-03-07 11:37:36.951,CANCELLED,2C,True
B1476,P1964,SJ051,2026-02-27 11:37:36.951,CANCELLED,32E,True
B1477,P1688,SJ193,2025-07-06 11:37:36.951,CANCELLED,18E,True
B1478,P1281,SJ039,2026-02-24 11:37:36.951,CONFIRMED,28D,True
B1479,P1132,UK066,2025-12-17 11:37:36.951,CANCELLED,22B,True
B1480,P1533,SJ050,2026-03-14 11:37:36.951,PENDING,34B,True
B1481,P1974,6E052,2025-06-11 11:37:36.951,CONFIRMED,4D,True
B1482,P1268,SJ170,2025-08-29 11:37:36.951,PENDING,14E,True
B1484,P1672,AI219,2025-05-07 11:37:36.951,CONFIRMED,13B,True
B1485,P1618,6E220,2025-07-05 11:37:36.951,CANCELLED,12D,True
B1486,P1790,AI207,2025-05-04 11:37:36.951,CONFIRMED,3D,True
B1487,P1864,6E024,2026-01-26 11:37:36.951,PENDING,5E,True
B1488,P1746,SJ073,2025-05-04 11:37:36.951,CANCELLED,27E,True
B1489,P1017,SJ201,2025-07-08 11:37:36.951,CANCELLED,24F,True
B1490,P1753,AI180,2026-03-10 11:37:36.951,CONFIRMED,29B,True
B1491,P1116,UK022,2025-07-16 11:37:36.951,CONFIRMED,18F,True
B1492,P1797,AI202,2026-03-27 11:37:36.951,CANCELLED,29C,True
B1493,P1793,6E212,2025-06-01 11:37:36.952,CONFIRMED,26D,True
B1494,P1143,6E163,2025-06-09 11:37:36.952,CANCELLED,23F,True
B1495,P1716,UK028,2025-10-15 11:37:36.952,CONFIRMED,27D,True
B1496,P1550,6E243,2026-03-21 11:37:36.952,PENDING,7D,True
B1497,P1928,AI165,2025-09-02 11:37:36.952,CONFIRMED,11F,True
B1498,P1665,UK099,2025-07-18 11:37:36.952,PENDING,3D,True
B1500,P1960,UK056,2025-04-30 11:37:36.952,CONFIRMED,22D,True
B1501,P1752,SJ122,2025-09-04 11:37:36.952,CANCELLED,23D,True
B1502,P1421,AI086,2025-10-15 11:37:36.952,CONFIRMED,23F,True
B1503,P1897,SJ011,2025-10-17 11:37:36.952,CONFIRMED,25C,True
B1504,P1368,SJ021,2025-04-21 11:37:36.952,PENDING,4E,True
B1505,P1645,SJ106,2025-11-29 11:37:36.952,CONFIRMED,8F,True
B1506,P1557,SJ026,2026-01-29 11:37:36.952,CANCELLED,9E,True
B1507,P1049,SJ245,2025-11-27 11:37:36.952,PENDING,20A,True
B1509,P1105,AI032,2025-09-25 11:37:36.952,CANCELLED,14F,True
B1510,P1215,AI236,2025-05-11 11:37:36.952,CANCELLED,19F,True
B1511,P1657,6E094,2025-12-24 11:37:36.952,CANCELLED,15C,True
B1512,P1922,UK163,2025-12-21 11:37:36.952,PENDING,4A,True
B1513,P1424,UK163,2025-06-30 11:37:36.952,CONFIRMED,32B,True
B1514,P1071,SJ045,2025-05-07 11:37:36.952,CANCELLED,21E,True
B1515,P1987,SJ006,2025-07-06 11:37:36.952,PENDING,26A,True
B1516,P1841,SJ103,2025-08-05 11:37:36.952,CANCELLED,34F,True
B1519,P1445,SJ064,2026-03-25 11:37:36.952,PENDING,3C,True
B1520,P1924,AI028,2026-04-02 11:37:36.952,CONFIRMED,27A,True
B1521,P1185,AI148,2025-11-08 11:37:36.952,PENDING,31E,True
B1522,P1069,6E263,2025-08-31 11:37:36.952,CONFIRMED,1C,True
B1523,P1973,SJ067,2025-05-19 11:37:36.952,PENDING,21F,True
B1524,P1149,6E061,2025-06-17 11:37:36.952,PENDING,23D,True
B1526,P1773,SJ136,2025-11-15 11:37:36.952,CONFIRMED,17D,True
B1527,P1537,AI046,2025-07-09 11:37:36.952,PENDING,8A,True
B1528,P1934,UK174,2026-03-28 11:37:36.952,PENDING,6E,True
B1531,P1909,6E063,2026-04-01 11:37:36.952,PENDING,30F,True
B1532,P1277,UK118,2025-04-22 11:37:36.952,PENDING,30A,True
B1533,P1562,UK218,2025-09-15 11:37:36.952,PENDING,28D,True
B1534,P1662,UK031,2025-09-11 11:37:36.952,CONFIRMED,34E,True
B1535,P1943,UK142,2026-04-02 11:37:36.952,PENDING,6C,True
B1537,P1103,UK070,2025-10-08 11:37:36.952,CONFIRMED,21F,True
B1538,P1945,SJ121,2026-03-17 11:37:36.952,PENDING,8E,True
B1539,P1600,UK201,2025-06-11 11:37:36.952,CONFIRMED,20B,True
B1540,P1652,AI138,2026-01-15 11:37:36.952,CANCELLED,7E,True
B1541,P1724,SJ014,2025-12-16 11:37:36.952,CONFIRMED,26A,True
B1542,P1232,SJ053,2025-12-13 11:37:36.952,PENDING,14F,True
B1543,P1393,SJ241,2025-06-16 11:37:36.952,CANCELLED,4F,True
B1544,P1500,AI249,2025-09-01 11:37:36.952,CANCELLED,16A,True
B1545,P1694,AI176,2026-03-08 11:37:36.952,PENDING,8A,True
B1546,P1250,SJ234,2026-04-02 11:37:36.952,PENDING,32B,True
B1547,P1520,6E115,2025-04-18 11:37:36.952,PENDING,16C,True
B1548,P1078,AI020,2025-10-04 11:37:36.952,CONFIRMED,7E,True
B1549,P1051,AI020,2025-12-16 11:37:36.952,CONFIRMED,24A,True
B1550,P1897,6E079,2025-12-06 11:37:36.952,CONFIRMED,10D,True
B1552,P1780,UK046,2026-02-06 11:37:36.952,PENDING,32D,True
B1553,P1225,SJ217,2025-11-15 11:37:36.952,CONFIRMED,33D,True
B1554,P1050,6E142,2025-08-26 11:37:36.952,CANCELLED,8D,True
B1555,P1185,SJ139,2026-04-04 11:37:36.952,CONFIRMED,3B,True
B1556,P1033,6E059,2026-01-18 11:37:36.952,CANCELLED,31D,True
B1557,P1802,6E067,2025-08-10 11:37:36.952,PENDING,17A,True
B1558,P1741,AI007,2025-08-07 11:37:36.952,PENDING,27A,True
B1559,P1130,UK202,2026-01-20 11:37:36.952,CONFIRMED,5F,True
B1560,P1631,AI200,2026-03-07 11:37:36.952,CONFIRMED,18C,True
B1561,P1442,UK172,2026-01-27 11:37:36.952,PENDING,18C,True
B1562,P1837,6E214,2025-05-01 11:37:36.952,CONFIRMED,10B,True
B1563,P1758,UK037,2025-09-11 11:37:36.952,PENDING,27B,True
B1564,P1431,AI022,2025-08-14 11:37:36.952,PENDING,17F,True
B1565,P1703,AI243,2026-02-06 11:37:36.952,CANCELLED,20D,True
B1566,P1496,SJ174,2025-10-08 11:37:36.952,CONFIRMED,29F,True
B1567,P1402,SJ079,2025-11-13 11:37:36.952,PENDING,9A,True
B1568,P1322,UK097,2025-12-21 11:37:36.952,CONFIRMED,21A,True
B1569,P1209,AI013,2025-12-26 11:37:36.952,CANCELLED,14E,True
B1570,P1614,UK196,2025-11-21 11:37:36.952,CANCELLED,25E,True
B1571,P1328,SJ213,2025-11-06 11:37:36.952,CONFIRMED,2C,True
B1572,P1371,UK119,2025-05-26 11:37:36.952,CONFIRMED,5D,True
B1573,P1459,AI043,2026-03-18 11:37:36.952,PENDING,19B,True
B1574,P1132,AI043,2025-04-29 11:37:36.952,CANCELLED,18A,True
B1575,P1834,AI143,2025-06-16 11:37:36.952,CANCELLED,2B,True
B1577,P1120,6E050,2026-01-24 11:37:36.952,CONFIRMED,23A,True
B1578,P1605,AI134,2025-12-25 11:37:36.952,PENDING,6B,True
B1579,P1451,6E182,2025-04-24 11:37:36.952,CONFIRMED,28E,True
B1580,P1964,SJ086,2025-10-08 11:37:36.952,CONFIRMED,20D,True
B1581,P1128,6E170,2025-08-06 11:37:36.952,CONFIRMED,3D,True
B1582,P1090,UK168,2025-04-24 11:37:36.952,PENDING,34B,True
B1584,P1574,UK075,2025-04-28 11:37:36.952,CANCELLED,21C,True
B1585,P1028,6E233,2026-01-08 11:37:36.952,CANCELLED,1C,True
B1586,P1721,SJ143,2025-11-13 11:37:36.952,CANCELLED,25B,True
B1587,P1523,SJ246,2025-06-28 11:37:36.952,PENDING,34E,True
B1588,P1332,SJ247,2025-11-04 11:37:36.952,CONFIRMED,10B,True
B1589,P1296,UK157,2025-08-31 11:37:36.952,PENDING,3D,True
B1590,P1129,UK069,2026-04-01 11:37:36.952,CONFIRMED,25B,True
B1591,P1292,AI106,2025-11-20 11:37:36.952,CANCELLED,8A,True
B1592,P1172,UK085,2025-11-17 11:37:36.952,CONFIRMED,24F,True
B1594,P1943,AI067,2025-06-01 11:37:36.952,CONFIRMED,25E,True
B1595,P1023,6E226,2026-01-07 11:37:36.952,PENDING,4E,True
B1596,P1098,SJ210,2025-12-20 11:37:36.952,CONFIRMED,15E,True
B1597,P1405,6E269,2025-10-23 11:37:36.952,CONFIRMED,33A,True
B1598,P1355,UK013,2026-01-02 11:37:36.952,CONFIRMED,11B,True
B1599,P1138,UK013,2025-09-30 11:37:36.952,PENDING,9E,True
B1600,P1502,UK143,2025-07-20 11:37:36.952,PENDING,2C,True
B1601,P1825,6E262,2025-09-07 11:37:36.952,PENDING,28D,True
B1603,P1028,SJ118,2025-12-06 11:37:36.952,CANCELLED,17E,True
B1604,P1930,SJ118,2025-11-17 11:37:36.952,CANCELLED,3C,True
B1605,P1495,SJ082,2025-10-03 11:37:36.952,CANCELLED,6C,True
B1606,P1654,6E015,2025-07-18 11:37:36.952,CONFIRMED,23E,True
B1608,P1350,SJ110,2025-06-28 11:37:36.952,CANCELLED,10B,True
B1609,P1553,SJ042,2025-10-21 11:37:36.952,CANCELLED,19D,True
B1610,P1298,6E145,2025-10-13 11:37:36.952,CONFIRMED,27A,True
B1611,P1719,UK029,2026-01-05 11:37:36.952,CANCELLED,14C,True
B1612,P1841,SJ200,2025-04-18 11:37:36.952,CANCELLED,28C,True
B1613,P1944,SJ209,2026-01-29 11:37:36.952,CONFIRMED,6A,True
B1615,P1671,6E117,2025-05-23 11:37:36.952,CANCELLED,33B,True
B1616,P1063,SJ181,2025-12-23 11:37:36.952,PENDING,17A,True
B1618,P1769,AI070,2026-01-19 11:37:36.952,CONFIRMED,1B,True
B1619,P1663,UK042,2026-02-05 11:37:36.952,PENDING,13A,True
B1620,P1214,AI169,2026-02-24 11:37:36.952,PENDING,1B,True
B1621,P1833,6E021,2025-12-21 11:37:36.952,PENDING,27A,True
B1622,P1165,SJ046,2025-06-23 11:37:36.952,PENDING,19F,True
B1623,P1542,AI211,2025-08-17 11:37:36.952,CANCELLED,22B,True
B1624,P1882,SJ091,2025-12-20 11:37:36.952,CANCELLED,34F,True
B1625,P1231,AI123,2026-04-05 11:37:36.952,PENDING,7D,True
B1626,P1793,6E053,2025-04-17 11:37:36.952,CANCELLED,25C,True
B1627,P1540,UK012,2026-01-09 11:37:36.952,PENDING,27E,True
B1628,P1194,6E023,2025-11-25 11:37:36.952,PENDING,33A,True
B1629,P1505,AI250,2026-01-02 11:37:36.952,CONFIRMED,11A,True
B1630,P1333,AI238,2026-04-07 11:37:36.952,PENDING,26F,True
B1631,P1767,UK096,2026-02-17 11:37:36.952,CANCELLED,24F,True
B1632,P1792,UK126,2026-03-30 11:37:36.952,PENDING,1D,True
B1633,P1303,SJ195,2025-08-30 11:37:36.952,CONFIRMED,8E,True
B1634,P1832,SJ171,2025-12-25 11:37:36.952,CANCELLED,1C,True
B1636,P1322,SJ192,2025-05-27 11:37:36.952,CONFIRMED,22B,True
B1637,P1501,6E035,2025-12-01 11:37:36.952,PENDING,27C,True
B1638,P1857,UK088,2026-02-23 11:37:36.952,CONFIRMED,22C,True
B1639,P1913,6E009,2025-09-14 11:37:36.952,CONFIRMED,24E,True
B1640,P1392,6E004,2026-01-28 11:37:36.952,CANCELLED,30B,True
B1642,P1598,AI251,2026-02-15 11:37:36.952,PENDING,4E,True
B1643,P1148,AI027,2026-02-04 11:37:36.952,PENDING,14A,True
B1644,P1760,SJ165,2025-10-20 11:37:36.952,PENDING,20E,True
B1645,P1832,UK081,2025-08-16 11:37:36.952,CONFIRMED,17D,True
B1646,P1404,UK191,2025-09-27 11:37:36.952,CANCELLED,28C,True
B1647,P1282,SJ188,2025-11-06 11:37:36.952,PENDING,14F,True
B1648,P1361,6E016,2025-08-09 11:37:36.952,CONFIRMED,33D,True
B1649,P1378,6E064,2026-04-05 11:37:36.952,PENDING,4F,True
B1651,P1555,SJ054,2025-09-09 11:37:36.952,CANCELLED,21B,True
B1652,P1355,6E197,2025-12-19 11:37:36.952,PENDING,23C,True
B1653,P1539,AI040,2026-03-26 11:37:36.952,CANCELLED,31B,True
B1655,P1016,6E141,2025-10-09 11:37:36.952,PENDING,7D,True
B1656,P1638,UK035,2025-05-12 11:37:36.952,CONFIRMED,26E,True
B1657,P1378,AI005,2025-08-28 11:37:36.952,CONFIRMED,12B,True
B1658,P1679,AI001,2025-06-22 11:37:36.952,CONFIRMED,18D,True
B1659,P1505,UK211,2026-01-17 11:37:36.952,PENDING,6D,True
B1660,P1755,SJ189,2026-04-04 11:37:36.952,CANCELLED,12D,True
B1661,P1898,UK006,2025-04-21 11:37:36.952,PENDING,18D,True
B1662,P1075,6E189,2025-10-13 11:37:36.952,CONFIRMED,17A,True
B1663,P1230,AI133,2025-05-16 11:37:36.952,CANCELLED,15B,True
B1664,P1715,SJ216,2025-11-08 11:37:36.952,CONFIRMED,25B,True
B1665,P1961,SJ133,2026-03-04 11:37:36.952,CANCELLED,29D,True
B1666,P1247,UK082,2026-03-05 11:37:36.952,PENDING,32C,True
B1667,P1301,6E136,2026-02-16 11:37:36.952,CANCELLED,32C,True
B1668,P1725,6E039,2025-04-30 11:37:36.952,PENDING,3B,True
B1669,P1214,AI011,2025-06-16 11:37:36.952,CONFIRMED,3E,True
B1670,P1157,SJ225,2025-05-12 11:37:36.952,CANCELLED,16C,True
B1671,P1068,SJ024,2025-07-08 11:37:36.952,CONFIRMED,22C,True
B1672,P1392,AI109,2025-08-01 11:37:36.952,CANCELLED,14E,True
B1674,P1266,UK057,2025-11-03 11:37:36.952,CANCELLED,18C,True
B1675,P1068,6E111,2025-08-01 11:37:36.952,CANCELLED,9A,True
B1676,P1610,AI197,2026-04-14 11:37:36.952,PENDING,24C,True
B1677,P1346,UK127,2026-01-31 11:37:36.952,PENDING,29C,True
B1678,P1961,6E240,2025-12-31 11:37:36.952,PENDING,24B,True
B1679,P1727,6E257,2025-08-17 11:37:36.952,CANCELLED,25A,True
B1681,P1672,SJ135,2026-04-02 11:37:36.952,CANCELLED,15C,True
B1682,P1422,UK112,2025-07-10 11:37:36.952,CANCELLED,20B,True
B1683,P1605,AI050,2025-08-07 11:37:36.952,CONFIRMED,9C,True
B1684,P1173,UK060,2025-11-18 11:37:36.952,PENDING,8E,True
B1685,P1676,SJ183,2025-05-15 11:37:36.952,CANCELLED,25E,True
B1686,P1114,UK138,2025-11-17 11:37:36.952,CONFIRMED,23E,True
B1687,P1219,SJ071,2025-10-12 11:37:36.952,PENDING,22F,True
B1688,P1955,AI057,2025-06-14 11:37:36.952,PENDING,9D,True
B1689,P1030,SJ151,2025-07-10 11:37:36.952,CANCELLED,20B,True
B1690,P1522,SJ144,2025-06-28 11:37:36.952,PENDING,12C,True
B1691,P1342,SJ087,2026-01-23 11:37:36.952,PENDING,12E,True
B1692,P1376,SJ066,2026-04-02 11:37:36.952,CONFIRMED,18A,True
B1693,P1129,AI247,2026-01-02 11:37:36.952,CONFIRMED,11F,True
B1694,P1999,SJ102,2026-04-01 11:37:36.952,PENDING,24D,True
B1695,P1616,6E252,2026-04-13 11:37:36.952,CONFIRMED,4F,True
B1696,P1538,6E055,2025-11-28 11:37:36.952,PENDING,11C,True
B1697,P1738,AI204,2025-11-12 11:37:36.952,CANCELLED,34B,True
B1698,P1001,AI016,2026-02-02 11:37:36.952,CONFIRMED,31D,True
B1699,P1870,AI209,2025-12-11 11:37:36.952,PENDING,15D,True
B1700,P1100,SJ211,2026-01-04 11:37:36.952,PENDING,14B,True
B1701,P1532,6E103,2025-10-16 11:37:36.952,CONFIRMED,13F,True
B1702,P1057,UK182,2025-04-22 11:37:36.952,CONFIRMED,31F,True
B1703,P1388,6E264,2025-12-25 11:37:36.952,CANCELLED,19B,True
B1704,P1691,6E027,2025-07-23 11:37:36.952,PENDING,29A,True
B1705,P1940,UK198,2026-01-31 11:37:36.952,CANCELLED,3B,True
B1706,P1340,6E171,2025-09-07 11:37:36.952,CANCELLED,15C,True
B1707,P1860,AI004,2025-07-05 11:37:36.952,CANCELLED,1B,True
B1708,P1019,6E157,2025-11-22 11:37:36.952,CONFIRMED,3C,True
B1709,P1254,AI018,2025-10-03 11:37:36.952,CANCELLED,22B,True
B1710,P1316,UK098,2025-08-05 11:37:36.952,CONFIRMED,21E,True
B1712,P1659,AI228,2025-09-06 11:37:36.952,CANCELLED,17C,True
B1713,P1536,SJ242,2025-08-31 11:37:36.952,CANCELLED,17D,True
B1714,P1385,6E227,2025-12-11 11:37:36.952,PENDING,34C,True
B1715,P1632,6E037,2025-08-27 11:37:36.952,CANCELLED,20C,True
B1716,P1927,6E107,2025-12-22 11:37:36.952,PENDING,28A,True
B1717,P1025,SJ125,2025-11-06 11:37:36.952,CANCELLED,14A,True
B1718,P1453,UK117,2025-06-17 11:37:36.952,CANCELLED,9B,True
B1719,P1680,6E192,2025-11-12 11:37:36.952,CANCELLED,29E,True
B1720,P1322,AI201,2025-11-27 11:37:36.952,CANCELLED,27B,True
B1721,P1736,SJ126,2026-03-25 11:37:36.952,PENDING,21A,True
B1722,P1512,AI177,2026-02-10 11:37:36.952,PENDING,5E,True
B1723,P1818,AI092,2025-12-23 11:37:36.952,CANCELLED,26B,True
B1724,P1772,6E076,2025-10-10 11:37:36.952,CANCELLED,11D,True
B1725,P1012,AI185,2025-04-29 11:37:36.952,PENDING,1E,True
B1726,P1914,AI055,2025-05-14 11:37:36.952,CONFIRMED,2B,True
B1727,P1907,6E222,2026-03-15 11:37:36.952,CONFIRMED,27D,True
B1728,P1559,AI090,2025-12-12 11:37:36.952,CONFIRMED,1C,True
B1729,P1920,AI183,2025-06-03 11:37:36.952,PENDING,4F,True
B1730,P1824,AI041,2025-04-29 11:37:36.952,PENDING,25F,True
B1731,P1370,6E210,2025-07-12 11:37:36.952,CONFIRMED,25F,True
B1732,P1290,AI170,2026-01-15 11:37:36.952,CONFIRMED,3A,True
B1733,P1331,SJ008,2026-04-16 11:37:36.952,CANCELLED,2E,True
B1734,P1605,AI049,2025-09-29 11:37:36.952,PENDING,27E,True
B1735,P1260,SJ132,2025-05-12 11:37:36.952,PENDING,34E,True
B1736,P1993,SJ224,2026-01-26 11:37:36.952,CONFIRMED,28E,True
B1737,P1789,UK038,2025-06-11 11:37:36.952,CONFIRMED,1E,True
B1738,P1870,SJ220,2025-08-14 11:37:36.952,PENDING,27B,True
B1739,P1204,6E124,2025-06-29 11:37:36.952,CANCELLED,34F,True
B1740,P1696,SJ164,2025-11-16 11:37:36.952,CONFIRMED,14D,True
B1741,P1686,AI026,2025-05-18 11:37:36.952,PENDING,18E,True
B1742,P1949,6E144,2025-09-14 11:37:36.952,PENDING,16D,True
B1744,P1891,UK139,2025-09-05 11:37:36.952,CANCELLED,10A,True
B1745,P1820,UK139,2025-05-20 11:37:36.952,CONFIRMED,27B,True
B1746,P1467,SJ140,2025-08-31 11:37:36.952,CONFIRMED,34D,True
B1747,P1414,6E131,2025-04-20 11:37:36.952,CONFIRMED,9F,True
B1748,P1068,UK128,2025-11-15 11:37:36.952,PENDING,9A,True
B1749,P1471,SJ219,2026-02-19 11:37:36.952,CONFIRMED,23D,True
B1750,P1103,SJ159,2025-09-21 11:37:36.952,PENDING,33D,True
B1751,P1757,UK192,2025-09-19 11:37:36.952,CONFIRMED,17E,True
B1752,P1160,AI014,2025-08-13 11:37:36.952,CANCELLED,34F,True
B1753,P1199,SJ152,2025-08-08 11:37:36.952,CANCELLED,5C,True
B1754,P1215,SJ060,2026-02-11 11:37:36.952,PENDING,3C,True
B1755,P1945,AI127,2026-02-17 11:37:36.952,CANCELLED,10F,True
B1756,P1211,SJ096,2026-01-27 11:37:36.952,PENDING,11F,True
B1757,P1507,AI215,2025-04-24 11:37:36.952,PENDING,22B,True
B1758,P1015,UK009,2026-02-28 11:37:36.952,CANCELLED,26B,True
B1759,P1497,AI171,2025-10-26 11:37:36.952,PENDING,16F,True
B1760,P1883,UK151,2026-01-14 11:37:36.952,CANCELLED,31B,True
B1761,P1331,AI099,2025-05-22 11:37:36.952,CONFIRMED,15A,True
B1762,P1716,UK050,2025-06-04 11:37:36.952,CONFIRMED,32B,True
B1763,P1876,UK092,2025-10-06 11:37:36.952,CANCELLED,3B,True
B1764,P1550,SJ058,2025-06-20 11:37:36.952,CANCELLED,13B,True
B1765,P1600,SJ090,2025-12-21 11:37:36.952,CANCELLED,1C,True
B1766,P1941,6E173,2025-09-07 11:37:36.952,CANCELLED,1F,True
B1767,P1255,AI186,2025-11-19 11:37:36.952,CONFIRMED,6D,True
B1768,P1991,AI130,2026-03-23 11:37:36.952,PENDING,13C,True
B1770,P1727,6E203,2025-08-04 11:37:36.952,CONFIRMED,8D,True
B1771,P1879,6E138,2025-05-24 11:37:36.952,PENDING,1F,True
B1773,P1171,AI074,2026-01-01 11:37:36.952,PENDING,16E,True
B1774,P1648,UK161,2026-01-07 11:37:36.952,CANCELLED,1B,True
B1775,P1999,AI008,2025-06-19 11:37:36.952,CANCELLED,14B,True
B1776,P1497,UK121,2025-12-27 11:37:36.952,CANCELLED,17A,True
B1777,P1470,6E154,2025-04-26 11:37:36.952,CONFIRMED,11A,True
B1778,P1383,6E161,2025-08-01 11:37:36.952,CONFIRMED,10D,True
B1779,P1689,6E153,2026-02-01 11:37:36.952,PENDING,22B,True
B1780,P1588,6E225,2026-02-10 11:37:36.952,PENDING,11B,True
B1781,P1699,AI191,2026-02-09 11:37:36.952,PENDING,18C,True
B1782,P1506,AI218,2025-08-18 11:37:36.952,CONFIRMED,25F,True
B1783,P1991,6E267,2025-09-28 11:37:36.952,PENDING,25D,True
B1784,P1526,UK125,2025-08-20 11:37:36.952,CANCELLED,1B,True
B1785,P1803,6E208,2025-08-19 11:37:36.952,PENDING,1B,True
B1786,P1830,6E119,2026-02-12 11:37:36.952,CANCELLED,26B,True
B1787,P1324,AI063,2025-07-11 11:37:36.952,CONFIRMED,1E,True
B1788,P1213,UK016,2025-06-05 11:37:36.952,CANCELLED,2B,True
B1789,P1207,6E048,2026-01-13 11:37:36.952,CANCELLED,30F,True
B1790,P1168,6E266,2025-04-23 11:37:36.952,CANCELLED,28A,True
B1791,P1329,AI167,2026-02-24 11:37:36.952,CONFIRMED,3C,True
B1792,P1279,6E165,2026-01-17 11:37:36.952,CONFIRMED,8E,True
B1793,P1977,SJ104,2025-11-25 11:37:36.952,CONFIRMED,14C,True
B1794,P1304,UK160,2025-06-26 11:37:36.952,CONFIRMED,8D,True
B1795,P1145,UK160,2026-03-21 11:37:36.952,PENDING,9C,True
B1796,P1774,SJ230,2025-11-28 11:37:36.952,CONFIRMED,9B,True
B1797,P1515,AI042,2025-06-03 11:37:36.952,CANCELLED,1A,True
B1798,P1089,UK197,2025-05-16 11:37:36.952,CONFIRMED,23E,True
B1799,P1452,AI107,2026-02-05 11:37:36.952,PENDING,16E,True
B1800,P1059,SJ128,2025-08-22 11:37:36.952,PENDING,7F,True
B1801,P1310,6E121,2026-04-14 11:37:36.952,PENDING,34F,True
B1803,P1226,SJ137,2026-02-21 11:37:36.952,CONFIRMED,24F,True
B1804,P1473,AI232,2025-11-12 11:37:36.952,CONFIRMED,1F,True
B1805,P1977,SJ113,2025-10-26 11:37:36.952,CONFIRMED,14B,True
B1806,P1540,AI117,2025-08-02 11:37:36.952,CANCELLED,17A,True
B1807,P1662,6E185,2025-06-28 11:37:36.952,CANCELLED,12C,True
B1808,P1756,AI194,2026-01-26 11:37:36.952,PENDING,3B,True
B1809,P1781,UK045,2026-04-09 11:37:36.952,PENDING,13B,True
B1810,P1078,6E228,2026-03-20 11:37:36.952,CONFIRMED,34B,True
B1811,P1432,SJ190,2026-04-04 11:37:36.952,CANCELLED,25A,True
B1812,P1800,AI156,2026-01-06 11:37:36.952,CANCELLED,8A,True
B1814,P1788,UK033,2025-06-22 11:37:36.952,CONFIRMED,26C,True
B1815,P1400,UK137,2025-05-01 11:37:36.952,PENDING,3C,True
B1816,P1278,UK214,2025-06-21 11:37:36.952,PENDING,20F,True
B1817,P1056,6E033,2025-06-07 11:37:36.952,PENDING,28D,True
B1818,P1976,AI114,2025-11-07 11:37:36.952,CONFIRMED,26B,True
B1819,P1185,AI017,2026-01-19 11:37:36.952,CONFIRMED,21E,True
B1820,P1397,6E244,2025-12-01 11:37:36.952,PENDING,18E,True
B1821,P1604,6E160,2025-11-27 11:37:36.952,PENDING,1C,True
B1822,P1787,6E088,2026-01-05 11:37:36.952,CANCELLED,17D,True
B1823,P1157,6E155,2025-11-26 11:37:36.952,CANCELLED,19E,True
B1824,P1786,AI095,2026-04-15 11:37:36.952,PENDING,9B,True
B1825,P1692,6E139,2025-05-17 11:37:36.952,PENDING,5E,True
B1826,P1358,6E101,2025-07-11 11:37:36.952,CANCELLED,19A,True
B1827,P1439,AI054,2025-06-23 11:37:36.952,PENDING,20D,True
B1828,P1588,SJ094,2025-05-18 11:37:36.952,CANCELLED,25B,True
B1829,P1465,6E217,2026-01-15 11:37:36.952,CANCELLED,4E,True
B1830,P1662,6E100,2026-04-15 11:37:36.952,CANCELLED,23C,True
B1831,P1445,6E081,2026-02-05 11:37:36.952,CONFIRMED,21C,True
B1832,P1749,SJ156,2025-06-17 11:37:36.952,CONFIRMED,4D,True
B1833,P1800,6E060,2025-06-07 11:37:36.952,PENDING,27D,True
B1834,P1742,UK129,2025-08-14 11:37:36.952,CANCELLED,33E,True
B1835,P1487,UK032,2026-02-07 11:37:36.952,CONFIRMED,2E,True
B1836,P1529,AI166,2025-09-23 11:37:36.952,PENDING,13A,True
B1837,P1072,SJ056,2025-10-31 11:37:36.952,PENDING,22F,True
B1838,P1928,SJ101,2025-06-12 11:37:36.952,PENDING,18F,True
B1839,P1927,SJ065,2025-05-09 11:37:36.952,PENDING,9C,True
B1840,P1700,SJ100,2025-04-19 11:37:36.952,PENDING,34A,True
B1841,P1949,UK011,2025-10-24 11:37:36.952,CANCELLED,1E,True
B1842,P1016,6E062,2026-02-17 11:37:36.952,PENDING,3B,True
B1843,P1530,SJ176,2025-08-15 11:37:36.952,CANCELLED,23E,True
B1844,P1730,6E120,2025-11-26 11:37:36.952,CONFIRMED,3B,True
B1845,P1325,AI121,2026-03-05 11:37:36.952,PENDING,24A,True
B1846,P1994,UK072,2025-08-30 11:37:36.952,CONFIRMED,34F,True
B1847,P1631,AI006,2026-04-06 11:37:36.952,CANCELLED,11B,True
B1848,P1612,SJ231,2025-05-19 11:37:36.952,CANCELLED,30D,True
B1850,P1595,6E110,2025-04-21 11:37:36.952,PENDING,33B,True
B1851,P1920,6E231,2025-11-26 11:37:36.952,PENDING,2D,True
B1852,P1707,6E095,2025-08-09 11:37:36.952,CONFIRMED,33E,True
B1853,P1841,UK054,2025-05-05 11:37:36.952,CONFIRMED,18F,True
B1854,P1201,SJ123,2025-08-10 11:37:36.952,CONFIRMED,29D,True
B1855,P1343,6E006,2026-01-04 11:37:36.952,PENDING,3D,True
B1856,P1852,UK226,2025-05-04 11:37:36.952,PENDING,4E,True
B1857,P1522,AI065,2026-03-07 11:37:36.952,PENDING,17E,True
B1859,P1399,AI195,2025-11-11 11:37:36.952,PENDING,7B,True
B1861,P1444,AI125,2025-10-15 11:37:36.952,CONFIRMED,25E,True
B1862,P1764,AI089,2025-10-05 11:37:36.952,PENDING,21A,True
B1863,P1221,UK019,2026-02-12 11:37:36.952,CONFIRMED,22C,True
B1864,P1382,UK078,2025-09-27 11:37:36.952,CANCELLED,22C,True
B1865,P1880,SJ009,2025-07-28 11:37:36.952,CANCELLED,15E,True
B1866,P1591,UK178,2026-01-28 11:37:36.952,CONFIRMED,7A,True
B1867,P1006,UK018,2025-11-23 11:37:36.952,CONFIRMED,13D,True
B1868,P1271,SJ059,2026-04-10 11:37:36.952,CANCELLED,29E,True
B1869,P1738,UK108,2026-02-04 11:37:36.952,CONFIRMED,19C,True
B1870,P1015,6E045,2025-04-25 11:37:36.952,CANCELLED,5D,True
B1871,P1423,AI144,2025-10-04 11:37:36.952,CANCELLED,23E,True
B1872,P1523,AI244,2025-07-09 11:37:36.952,PENDING,26E,True
B1873,P1802,6E265,2025-04-25 11:37:36.952,CONFIRMED,11B,True
B1874,P1752,6E108,2026-01-26 11:37:36.952,CONFIRMED,16E,True
B1875,P1020,6E069,2025-06-17 11:37:36.952,PENDING,17D,True
B1876,P1689,6E072,2025-06-14 11:37:36.952,CANCELLED,18F,True
B1877,P1938,6E096,2025-11-09 11:37:36.952,CONFIRMED,33F,True
B1878,P1227,SJ233,2025-12-31 11:37:36.952,PENDING,31D,True
B1879,P1784,AI203,2025-12-03 11:37:36.952,PENDING,9E,True
B1880,P1287,UK147,2026-03-08 11:37:36.952,CONFIRMED,2E,True
B1881,P1808,UK039,2025-08-26 11:37:36.952,PENDING,8E,True
B1882,P1133,6E216,2025-10-17 11:37:36.952,CANCELLED,18B,True
B1883,P1983,AI214,2025-11-17 11:37:36.952,PENDING,5B,True
B1884,P1282,UK025,2025-08-31 11:37:36.952,CANCELLED,31D,True
B1885,P1403,UK053,2025-08-10 11:37:36.952,CANCELLED,11B,True
B1887,P1065,6E247,2026-03-09 11:37:36.952,PENDING,23F,True
B1888,P1648,6E159,2025-12-25 11:37:36.952,CANCELLED,25C,True
B1889,P1603,UK086,2026-02-24 11:37:36.952,CANCELLED,22C,True
B1890,P1436,6E102,2025-08-30 11:37:36.952,PENDING,12E,True
B1891,P1828,UK186,2026-01-26 11:37:36.952,CANCELLED,18D,True
B1892,P1933,6E032,2025-08-24 11:37:36.952,PENDING,17F,True
B1893,P1258,6E186,2025-08-02 11:37:36.952,CONFIRMED,19A,True
B1894,P1979,6E106,2026-02-24 11:37:36.952,CANCELLED,4F,True
B1895,P1965,AI021,2025-10-05 11:37:36.952,CANCELLED,14E,True
B1896,P1102,AI157,2025-11-30 11:37:36.952,PENDING,11F,True
B1897,P1992,6E054,2025-11-01 11:37:36.952,PENDING,26F,True
B1898,P1566,AI187,2025-10-03 11:37:36.952,PENDING,10D,True
B1899,P1768,SJ124,2025-09-28 11:37:36.952,PENDING,4B,True
B1900,P1100,SJ223,2025-10-06 11:37:36.952,CANCELLED,11C,True
B1901,P1197,UK103,2025-04-25 11:37:36.952,CONFIRMED,21A,True
B1902,P1812,SJ157,2026-02-08 11:37:36.952,CONFIRMED,14F,True
B1903,P1225,6E242,2025-11-06 11:37:36.952,CONFIRMED,9B,True
B1904,P1942,UK213,2025-07-01 11:37:36.952,CONFIRMED,8B,True
B1905,P1462,SJ120,2026-02-13 11:37:36.952,PENDING,24B,True
B1906,P1236,AI035,2025-08-11 11:37:36.952,CANCELLED,22B,True
B1907,P1025,6E147,2026-01-14 11:37:36.952,CANCELLED,1B,True
B1908,P1120,SJ229,2025-08-09 11:37:36.952,CANCELLED,23B,True
B1909,P1909,AI230,2025-11-14 11:37:36.952,PENDING,31B,True
B1910,P1505,UK162,2025-06-10 11:37:36.952,CANCELLED,5C,True
B1911,P1181,AI066,2025-05-29 11:37:36.952,PENDING,27C,True
B1912,P1710,6E205,2025-09-09 11:37:36.952,CANCELLED,19D,True
B1913,P1813,AI124,2025-05-24 11:37:36.952,CONFIRMED,27B,True
B1914,P1766,UK114,2025-10-19 11:37:36.952,PENDING,20A,True
B1915,P1633,AI231,2025-06-03 11:37:36.952,CANCELLED,18B,True
B1916,P1542,AI113,2025-10-30 11:37:36.952,CONFIRMED,7D,True
B1918,P1314,UK180,2025-10-07 11:37:36.952,CONFIRMED,2B,True
B1919,P1990,6E080,2026-03-17 11:37:36.952,PENDING,7C,True
B1920,P1796,SJ095,2025-05-11 11:37:36.952,PENDING,14A,True
B1921,P1617,SJ115,2025-04-24 11:37:36.952,CANCELLED,21F,True
B1922,P1735,AI142,2025-05-14 11:37:36.952,CONFIRMED,7D,True
B1923,P1272,UK169,2025-11-28 11:37:36.952,CANCELLED,33F,True
B1924,P1909,SJ041,2025-05-04 11:37:36.952,CANCELLED,27D,True
B1925,P1231,UK171,2025-04-20 11:37:36.952,CONFIRMED,7D,True
B1926,P1419,AI081,2025-11-27 11:37:36.952,CANCELLED,18F,True
B1927,P1767,AI162,2026-01-28 11:37:36.952,PENDING,27D,True
B1928,P1441,SJ037,2026-01-23 11:37:36.952,CANCELLED,6F,True
B1929,P1495,SJ037,2025-11-05 11:37:36.952,CONFIRMED,6A,True
B1930,P1023,UK080,2025-12-16 11:37:36.952,PENDING,3B,True
B1931,P1108,SJ031,2025-09-26 11:37:36.952,PENDING,16C,True
B1932,P1702,AI199,2025-12-28 11:37:36.952,CANCELLED,4B,True
B1933,P1501,6E082,2025-05-28 11:37:36.952,CANCELLED,7B,True
B1934,P1858,UK217,2026-04-12 11:37:36.952,PENDING,9F,True
B1935,P1024,UK014,2026-04-13 11:37:36.952,CANCELLED,6C,True
B1936,P1186,SJ180,2026-01-11 11:37:36.952,CONFIRMED,14D,True
B1937,P1287,6E268,2026-02-19 11:37:36.952,CANCELLED,16E,True
B1938,P1627,UK205,2026-04-07 11:37:36.952,CANCELLED,19B,True
B1939,P1337,SJ212,2025-07-22 11:37:36.952,PENDING,22B,True
B1940,P1877,UK052,2025-06-25 11:37:36.952,CANCELLED,17C,True
B1941,P1913,UK230,2025-06-13 11:37:36.952,CANCELLED,19D,True
B1942,P1036,AI145,2025-07-18 11:37:36.952,CANCELLED,23D,True
B1943,P1793,SJ035,2026-03-13 11:37:36.952,CONFIRMED,7E,True
B1944,P1136,SJ184,2025-07-20 11:37:36.952,CANCELLED,10B,True
B1945,P1507,6E207,2025-11-03 11:37:36.952,CONFIRMED,24A,True
B1946,P1226,UK144,2026-03-30 11:37:36.952,CONFIRMED,15A,True
B1947,P1319,AI126,2025-10-22 11:37:36.952,CONFIRMED,1A,True
B1948,P1839,SJ145,2025-05-19 11:37:36.952,CONFIRMED,10A,True
B1949,P1915,6E040,2025-05-16 11:37:36.952,PENDING,15B,True
B1950,P1181,UK049,2025-06-15 11:37:36.952,CONFIRMED,21B,True
B1951,P1873,UK049,2026-03-18 11:37:36.952,CANCELLED,3F,True
B1952,P1085,AI087,2025-10-18 11:37:36.952,CONFIRMED,2C,True
B1953,P1466,AI152,2025-05-24 11:37:36.952,CANCELLED,19A,True
B1954,P1925,SJ240,2025-11-06 11:37:36.952,CONFIRMED,2A,True
B1955,P1052,AI212,2025-09-14 11:37:36.952,PENDING,22B,True
B1956,P1859,AI064,2025-09-21 11:37:36.952,CONFIRMED,3B,True
B1957,P1866,6E093,2025-06-07 11:37:36.952,CONFIRMED,32E,True
B1958,P1234,AI118,2025-04-28 11:37:36.952,PENDING,29C,True
B1959,P1958,AI172,2025-12-19 11:37:36.952,CONFIRMED,23D,True
B1960,P1778,6E183,2026-01-30 11:37:36.952,CANCELLED,27E,True
B1961,P1798,6E200,2025-07-15 11:37:36.952,CONFIRMED,28A,True
B1962,P1432,SJ077,2025-12-23 11:37:36.952,CONFIRMED,18C,True
B1963,P1495,UK030,2026-02-24 11:37:36.952,CONFIRMED,27F,True
B1964,P1998,SJ232,2025-05-21 11:37:36.952,PENDING,18B,True
B1965,P1099,6E090,2026-01-29 11:37:36.952,CONFIRMED,20D,True
B1966,P1989,UK002,2025-11-06 11:37:36.952,CONFIRMED,12B,True
B1967,P1598,AI154,2025-07-03 11:37:36.952,CANCELLED,22C,True
B1968,P1402,6E089,2025-10-11 11:37:36.952,CONFIRMED,2D,True
B1969,P1395,6E218,2026-04-08 11:37:36.952,CONFIRMED,29A,True
B1970,P1526,6E241,2025-11-26 11:37:36.952,CONFIRMED,12B,True
B1971,P1414,6E116,2025-08-20 11:37:36.952,CONFIRMED,2B,True
B1972,P1938,UK199,2025-04-18 11:37:36.952,CANCELLED,19B,True
B1973,P1612,SJ033,2025-04-28 11:37:36.952,CANCELLED,8C,True
B1974,P1676,AI210,2025-08-03 11:37:36.952,PENDING,15B,True
B1976,P1540,AI229,2025-08-27 11:37:36.952,PENDING,16F,True
B1977,P1625,UK005,2026-01-01 11:37:36.952,PENDING,4A,True
B1978,P1618,SJ080,2025-12-07 11:37:36.952,CONFIRMED,12C,True
B1979,P1921,SJ092,2025-12-02 11:37:36.952,CANCELLED,1F,True
B1980,P1363,SJ055,2025-12-04 11:37:36.952,CANCELLED,15A,True
B1981,P1129,AI239,2025-05-17 11:37:36.952,CONFIRMED,19D,True
B1984,P1243,6E198,2025-04-25 11:37:36.952,CONFIRMED,27F,True
B1985,P1387,6E239,2025-09-28 11:37:36.952,CONFIRMED,31F,True
B1986,P1213,SJ177,2025-10-07 11:37:36.952,CONFIRMED,13F,True
B1987,P1817,6E044,2026-03-12 11:37:36.952,CANCELLED,19F,True
B1988,P1165,6E248,2026-02-17 11:37:36.952,PENDING,13A,True
B1990,P1058,SJ197,2026-03-31 11:37:36.952,CONFIRMED,14B,True
B1991,P1601,UK091,2026-01-14 11:37:36.952,CANCELLED,22E,True
B1992,P1882,6E215,2025-04-25 11:37:36.952,CONFIRMED,25C,True
B1993,P1842,AI093,2026-03-11 11:37:36.952,CANCELLED,5B,True
B1994,P1923,UK090,2026-03-31 11:37:36.952,CONFIRMED,21D,True
B1995,P1503,SJ005,2025-11-20 11:37:36.952,CANCELLED,11C,True
B1996,P1705,UK106,2025-08-08 11:37:36.952,CANCELLED,27E,True
B1997,P1122,6E223,2025-05-03 11:37:36.952,PENDING,27B,True
B1998,P1647,6E011,2025-10-23 11:37:36.952,CONFIRMED,14C,True
